,text
0,Legal Policy - Data Retention The court found that the breach of contract resulted from non-compliance with the agreed payment terms.
1,Supreme Court Opinion - Freedom of Speech Consumers are entitled to clear and concise information about their rights and responsibilities regarding digital services.
2,Case Law - Contract Dispute The court held that the unauthorized use of patented technology constituted a violation of intellectual property rights.
3,Terms of Service - E-commerce Platform Consumers are entitled to clear and concise information about their rights and responsibilities regarding digital services.
4,"Court Opinion - Intellectual Property Case By using this service, you agree to comply with our terms, including restrictions on data scraping and content redistribution."
5,"Supreme Court Opinion - Freedom of Speech By using this service, you agree to comply with our terms, including restrictions on data scraping and content redistribution."
6,Public Notice - Consumer Rights The Employee agrees to maintain confidentiality regarding proprietary information disclosed during their employment.
7,Terms of Service - E-commerce Platform Consumers are entitled to clear and concise information about their rights and responsibilities regarding digital services.
8,Terms of Service - E-commerce Platform The Employee agrees to maintain confidentiality regarding proprietary information disclosed during their employment.
9,"Case Law - Contract Dispute The First Amendment protects the freedom of speech, allowing individuals to express ideas without government restraint."
10,Public Notice - Consumer Rights Consumers are entitled to clear and concise information about their rights and responsibilities regarding digital services.
11,Case Law - Contract Dispute The Employee agrees to maintain confidentiality regarding proprietary information disclosed during their employment.
12,Terms of Service - E-commerce Platform Consumers are entitled to clear and concise information about their rights and responsibilities regarding digital services.
13,"Legal Agreement - Employment Contract By using this service, you agree to comply with our terms, including restrictions on data scraping and content redistribution."
14,"Legal Policy - Data Retention We collect data such as your name, email, and browsing history to improve our services and provide personalized experiences."
15,Privacy Policy - Online Service Data should be retained only as long as necessary for business purposes and in compliance with legal requirements.
16,"Privacy Policy - Online Service The First Amendment protects the freedom of speech, allowing individuals to express ideas without government restraint."
17,"Public Notice - Consumer Rights We collect data such as your name, email, and browsing history to improve our services and provide personalized experiences."
18,Supreme Court Opinion - Freedom of Speech The court held that the unauthorized use of patented technology constituted a violation of intellectual property rights.
19,Court Opinion - Intellectual Property Case The ruling emphasized the need for organizations to implement robust data protection measures to safeguard user information.
20,Terms of Service - E-commerce Platform The ruling emphasized the need for organizations to implement robust data protection measures to safeguard user information.
21,"Privacy Policy - Online Service We collect data such as your name, email, and browsing history to improve our services and provide personalized experiences."
22,"Public Notice - Consumer Rights By using this service, you agree to comply with our terms, including restrictions on data scraping and content redistribution."
23,Public Notice - Consumer Rights Data should be retained only as long as necessary for business purposes and in compliance with legal requirements.
24,Legal Agreement - Employment Contract Consumers are entitled to clear and concise information about their rights and responsibilities regarding digital services.
25,"Contract - Non-Disclosure Agreement (NDA) We collect data such as your name, email, and browsing history to improve our services and provide personalized experiences."
26,Legal Agreement - Employment Contract The ruling emphasized the need for organizations to implement robust data protection measures to safeguard user information.
27,Legal Policy - Data Retention The court held that the unauthorized use of patented technology constituted a violation of intellectual property rights.
28,Contract - Non-Disclosure Agreement (NDA) The Employee agrees to maintain confidentiality regarding proprietary information disclosed during their employment.
29,"Court Ruling - Data Privacy Violation We collect data such as your name, email, and browsing history to improve our services and provide personalized experiences."
30,"Court Opinion - Intellectual Property Case We collect data such as your name, email, and browsing history to improve our services and provide personalized experiences."
31,Supreme Court Opinion - Freedom of Speech Data should be retained only as long as necessary for business purposes and in compliance with legal requirements.
32,Court Ruling - Data Privacy Violation The court held that the unauthorized use of patented technology constituted a violation of intellectual property rights.
33,Legal Agreement - Employment Contract The court found that the breach of contract resulted from non-compliance with the agreed payment terms.
34,Contract - Non-Disclosure Agreement (NDA) The Employee agrees to maintain confidentiality regarding proprietary information disclosed during their employment.
35,Terms of Service - E-commerce Platform The court held that the unauthorized use of patented technology constituted a violation of intellectual property rights.
36,Supreme Court Opinion - Freedom of Speech The court found that the breach of contract resulted from non-compliance with the agreed payment terms.
37,Case Law - Contract Dispute The Employee agrees to maintain confidentiality regarding proprietary information disclosed during their employment.
38,Court Ruling - Data Privacy Violation Data should be retained only as long as necessary for business purposes and in compliance with legal requirements.
39,Court Ruling - Data Privacy Violation Data should be retained only as long as necessary for business purposes and in compliance with legal requirements.
40,Public Notice - Consumer Rights The ruling emphasized the need for organizations to implement robust data protection measures to safeguard user information.
41,Legal Agreement - Employment Contract Consumers are entitled to clear and concise information about their rights and responsibilities regarding digital services.
42,Public Notice - Consumer Rights The ruling emphasized the need for organizations to implement robust data protection measures to safeguard user information.
43,Legal Policy - Data Retention The ruling emphasized the need for organizations to implement robust data protection measures to safeguard user information.
44,"Court Opinion - Intellectual Property Case The First Amendment protects the freedom of speech, allowing individuals to express ideas without government restraint."
45,Privacy Policy - Online Service Consumers are entitled to clear and concise information about their rights and responsibilities regarding digital services.
46,Terms of Service - E-commerce Platform The Receiving Party agrees not to disclose any Confidential Information obtained during the course of the business relationship.
47,Legal Policy - Data Retention The Receiving Party agrees not to disclose any Confidential Information obtained during the course of the business relationship.
48,Supreme Court Opinion - Freedom of Speech Consumers are entitled to clear and concise information about their rights and responsibilities regarding digital services.
49,"Legal Agreement - Employment Contract We collect data such as your name, email, and browsing history to improve our services and provide personalized experiences."
50,Terms of Service - E-commerce Platform The court held that the unauthorized use of patented technology constituted a violation of intellectual property rights.
51,Contract - Non-Disclosure Agreement (NDA) The Receiving Party agrees not to disclose any Confidential Information obtained during the course of the business relationship.
52,Legal Agreement - Employment Contract The Receiving Party agrees not to disclose any Confidential Information obtained during the course of the business relationship.
53,Terms of Service - E-commerce Platform The Receiving Party agrees not to disclose any Confidential Information obtained during the course of the business relationship.
54,Case Law - Contract Dispute The court held that the unauthorized use of patented technology constituted a violation of intellectual property rights.
55,Contract - Non-Disclosure Agreement (NDA) The court found that the breach of contract resulted from non-compliance with the agreed payment terms.
56,Supreme Court Opinion - Freedom of Speech Consumers are entitled to clear and concise information about their rights and responsibilities regarding digital services.
57,"Case Law - Contract Dispute We collect data such as your name, email, and browsing history to improve our services and provide personalized experiences."
58,Supreme Court Opinion - Freedom of Speech The court found that the breach of contract resulted from non-compliance with the agreed payment terms.
59,Public Notice - Consumer Rights The court held that the unauthorized use of patented technology constituted a violation of intellectual property rights.
60,Court Ruling - Data Privacy Violation Consumers are entitled to clear and concise information about their rights and responsibilities regarding digital services.
61,Case Law - Contract Dispute The Employee agrees to maintain confidentiality regarding proprietary information disclosed during their employment.
62,"Legal Policy - Data Retention We collect data such as your name, email, and browsing history to improve our services and provide personalized experiences."
63,"Case Law - Contract Dispute By using this service, you agree to comply with our terms, including restrictions on data scraping and content redistribution."
64,Public Notice - Consumer Rights The ruling emphasized the need for organizations to implement robust data protection measures to safeguard user information.
65,Legal Policy - Data Retention Consumers are entitled to clear and concise information about their rights and responsibilities regarding digital services.
66,Case Law - Contract Dispute Data should be retained only as long as necessary for business purposes and in compliance with legal requirements.
67,Contract - Non-Disclosure Agreement (NDA) Consumers are entitled to clear and concise information about their rights and responsibilities regarding digital services.
68,"Court Ruling - Data Privacy Violation By using this service, you agree to comply with our terms, including restrictions on data scraping and content redistribution."
69,Case Law - Contract Dispute The court found that the breach of contract resulted from non-compliance with the agreed payment terms.
70,Privacy Policy - Online Service The Receiving Party agrees not to disclose any Confidential Information obtained during the course of the business relationship.
71,Legal Policy - Data Retention The ruling emphasized the need for organizations to implement robust data protection measures to safeguard user information.
72,Supreme Court Opinion - Freedom of Speech The ruling emphasized the need for organizations to implement robust data protection measures to safeguard user information.
73,Legal Agreement - Employment Contract The Receiving Party agrees not to disclose any Confidential Information obtained during the course of the business relationship.
74,"Case Law - Contract Dispute The First Amendment protects the freedom of speech, allowing individuals to express ideas without government restraint."
75,Supreme Court Opinion - Freedom of Speech Data should be retained only as long as necessary for business purposes and in compliance with legal requirements.
76,Legal Agreement - Employment Contract The court found that the breach of contract resulted from non-compliance with the agreed payment terms.
77,Legal Policy - Data Retention The court held that the unauthorized use of patented technology constituted a violation of intellectual property rights.
78,Legal Policy - Data Retention The Receiving Party agrees not to disclose any Confidential Information obtained during the course of the business relationship.
79,Terms of Service - E-commerce Platform The Receiving Party agrees not to disclose any Confidential Information obtained during the course of the business relationship.
80,Privacy Policy - Online Service Data should be retained only as long as necessary for business purposes and in compliance with legal requirements.
81,"Legal Agreement - Employment Contract By using this service, you agree to comply with our terms, including restrictions on data scraping and content redistribution."
82,"Case Law - Contract Dispute The First Amendment protects the freedom of speech, allowing individuals to express ideas without government restraint."
83,Legal Policy - Data Retention The Receiving Party agrees not to disclose any Confidential Information obtained during the course of the business relationship.
84,Court Opinion - Intellectual Property Case Data should be retained only as long as necessary for business purposes and in compliance with legal requirements.
85,"Legal Policy - Data Retention We collect data such as your name, email, and browsing history to improve our services and provide personalized experiences."
86,Court Opinion - Intellectual Property Case The court held that the unauthorized use of patented technology constituted a violation of intellectual property rights.
87,Legal Policy - Data Retention Consumers are entitled to clear and concise information about their rights and responsibilities regarding digital services.
88,"Contract - Non-Disclosure Agreement (NDA) The First Amendment protects the freedom of speech, allowing individuals to express ideas without government restraint."
89,Privacy Policy - Online Service The Employee agrees to maintain confidentiality regarding proprietary information disclosed during their employment.
90,Court Opinion - Intellectual Property Case The court held that the unauthorized use of patented technology constituted a violation of intellectual property rights.
91,Public Notice - Consumer Rights The ruling emphasized the need for organizations to implement robust data protection measures to safeguard user information.
92,"Legal Agreement - Employment Contract The First Amendment protects the freedom of speech, allowing individuals to express ideas without government restraint."
93,Legal Agreement - Employment Contract The Employee agrees to maintain confidentiality regarding proprietary information disclosed during their employment.
94,Court Opinion - Intellectual Property Case Data should be retained only as long as necessary for business purposes and in compliance with legal requirements.
95,"Privacy Policy - Online Service We collect data such as your name, email, and browsing history to improve our services and provide personalized experiences."
96,"Supreme Court Opinion - Freedom of Speech The First Amendment protects the freedom of speech, allowing individuals to express ideas without government restraint."
97,"Case Law - Contract Dispute The First Amendment protects the freedom of speech, allowing individuals to express ideas without government restraint."
98,Court Opinion - Intellectual Property Case The court held that the unauthorized use of patented technology constituted a violation of intellectual property rights.
99,Legal Policy - Data Retention The Receiving Party agrees not to disclose any Confidential Information obtained during the course of the business relationship.
100,"Legal Agreement - Employment Contract By using this service, you agree to comply with our terms, including restrictions on data scraping and content redistribution."
101,Legal Agreement - Employment Contract The court found that the breach of contract resulted from non-compliance with the agreed payment terms.
102,"Supreme Court Opinion - Freedom of Speech By using this service, you agree to comply with our terms, including restrictions on data scraping and content redistribution."
103,Supreme Court Opinion - Freedom of Speech The ruling emphasized the need for organizations to implement robust data protection measures to safeguard user information.
104,Case Law - Contract Dispute The Employee agrees to maintain confidentiality regarding proprietary information disclosed during their employment.
105,Court Opinion - Intellectual Property Case The Employee agrees to maintain confidentiality regarding proprietary information disclosed during their employment.
106,Court Ruling - Data Privacy Violation The Employee agrees to maintain confidentiality regarding proprietary information disclosed during their employment.
107,"Legal Agreement - Employment Contract The First Amendment protects the freedom of speech, allowing individuals to express ideas without government restraint."
108,Terms of Service - E-commerce Platform The court held that the unauthorized use of patented technology constituted a violation of intellectual property rights.
109,Legal Policy - Data Retention The court held that the unauthorized use of patented technology constituted a violation of intellectual property rights.
110,Legal Agreement - Employment Contract The court found that the breach of contract resulted from non-compliance with the agreed payment terms.
111,Supreme Court Opinion - Freedom of Speech The Employee agrees to maintain confidentiality regarding proprietary information disclosed during their employment.
112,Case Law - Contract Dispute Consumers are entitled to clear and concise information about their rights and responsibilities regarding digital services.
113,Supreme Court Opinion - Freedom of Speech The Receiving Party agrees not to disclose any Confidential Information obtained during the course of the business relationship.
114,"Public Notice - Consumer Rights We collect data such as your name, email, and browsing history to improve our services and provide personalized experiences."
115,Public Notice - Consumer Rights The court found that the breach of contract resulted from non-compliance with the agreed payment terms.
116,"Court Ruling - Data Privacy Violation By using this service, you agree to comply with our terms, including restrictions on data scraping and content redistribution."
117,Supreme Court Opinion - Freedom of Speech The Employee agrees to maintain confidentiality regarding proprietary information disclosed during their employment.
118,"Legal Policy - Data Retention The First Amendment protects the freedom of speech, allowing individuals to express ideas without government restraint."
119,Supreme Court Opinion - Freedom of Speech The ruling emphasized the need for organizations to implement robust data protection measures to safeguard user information.
120,Court Opinion - Intellectual Property Case Consumers are entitled to clear and concise information about their rights and responsibilities regarding digital services.
121,"Legal Policy - Data Retention We collect data such as your name, email, and browsing history to improve our services and provide personalized experiences."
122,"Privacy Policy - Online Service We collect data such as your name, email, and browsing history to improve our services and provide personalized experiences."
123,Case Law - Contract Dispute The ruling emphasized the need for organizations to implement robust data protection measures to safeguard user information.
124,"Court Ruling - Data Privacy Violation By using this service, you agree to comply with our terms, including restrictions on data scraping and content redistribution."
125,Privacy Policy - Online Service The Employee agrees to maintain confidentiality regarding proprietary information disclosed during their employment.
126,"Legal Policy - Data Retention The First Amendment protects the freedom of speech, allowing individuals to express ideas without government restraint."
127,Court Opinion - Intellectual Property Case The court held that the unauthorized use of patented technology constituted a violation of intellectual property rights.
128,"Terms of Service - E-commerce Platform The First Amendment protects the freedom of speech, allowing individuals to express ideas without government restraint."
129,Legal Policy - Data Retention The ruling emphasized the need for organizations to implement robust data protection measures to safeguard user information.
130,Court Ruling - Data Privacy Violation Data should be retained only as long as necessary for business purposes and in compliance with legal requirements.
131,"Court Ruling - Data Privacy Violation We collect data such as your name, email, and browsing history to improve our services and provide personalized experiences."
132,Legal Agreement - Employment Contract Consumers are entitled to clear and concise information about their rights and responsibilities regarding digital services.
133,Court Ruling - Data Privacy Violation The Employee agrees to maintain confidentiality regarding proprietary information disclosed during their employment.
134,"Legal Agreement - Employment Contract We collect data such as your name, email, and browsing history to improve our services and provide personalized experiences."
135,"Court Ruling - Data Privacy Violation We collect data such as your name, email, and browsing history to improve our services and provide personalized experiences."
136,"Legal Policy - Data Retention We collect data such as your name, email, and browsing history to improve our services and provide personalized experiences."
137,Court Ruling - Data Privacy Violation The ruling emphasized the need for organizations to implement robust data protection measures to safeguard user information.
138,Contract - Non-Disclosure Agreement (NDA) Data should be retained only as long as necessary for business purposes and in compliance with legal requirements.
139,Public Notice - Consumer Rights The Employee agrees to maintain confidentiality regarding proprietary information disclosed during their employment.
140,Court Opinion - Intellectual Property Case The court held that the unauthorized use of patented technology constituted a violation of intellectual property rights.
141,"Case Law - Contract Dispute We collect data such as your name, email, and browsing history to improve our services and provide personalized experiences."
142,"Legal Agreement - Employment Contract The First Amendment protects the freedom of speech, allowing individuals to express ideas without government restraint."
143,"Privacy Policy - Online Service We collect data such as your name, email, and browsing history to improve our services and provide personalized experiences."
144,Legal Agreement - Employment Contract The court held that the unauthorized use of patented technology constituted a violation of intellectual property rights.
145,Case Law - Contract Dispute The Employee agrees to maintain confidentiality regarding proprietary information disclosed during their employment.
146,Legal Policy - Data Retention The Receiving Party agrees not to disclose any Confidential Information obtained during the course of the business relationship.
147,Supreme Court Opinion - Freedom of Speech Consumers are entitled to clear and concise information about their rights and responsibilities regarding digital services.
148,"Legal Policy - Data Retention By using this service, you agree to comply with our terms, including restrictions on data scraping and content redistribution."
149,"Privacy Policy - Online Service The First Amendment protects the freedom of speech, allowing individuals to express ideas without government restraint."
150,"Contract - Non-Disclosure Agreement (NDA) By using this service, you agree to comply with our terms, including restrictions on data scraping and content redistribution."
151,"Court Ruling - Data Privacy Violation We collect data such as your name, email, and browsing history to improve our services and provide personalized experiences."
152,"Supreme Court Opinion - Freedom of Speech We collect data such as your name, email, and browsing history to improve our services and provide personalized experiences."
153,"Court Ruling - Data Privacy Violation By using this service, you agree to comply with our terms, including restrictions on data scraping and content redistribution."
154,Legal Agreement - Employment Contract The ruling emphasized the need for organizations to implement robust data protection measures to safeguard user information.
155,Legal Agreement - Employment Contract The ruling emphasized the need for organizations to implement robust data protection measures to safeguard user information.
156,Public Notice - Consumer Rights Data should be retained only as long as necessary for business purposes and in compliance with legal requirements.
157,Public Notice - Consumer Rights The Receiving Party agrees not to disclose any Confidential Information obtained during the course of the business relationship.
158,Privacy Policy - Online Service The court found that the breach of contract resulted from non-compliance with the agreed payment terms.
159,"Court Opinion - Intellectual Property Case By using this service, you agree to comply with our terms, including restrictions on data scraping and content redistribution."
160,"Public Notice - Consumer Rights By using this service, you agree to comply with our terms, including restrictions on data scraping and content redistribution."
161,Legal Policy - Data Retention The court found that the breach of contract resulted from non-compliance with the agreed payment terms.
162,Privacy Policy - Online Service The ruling emphasized the need for organizations to implement robust data protection measures to safeguard user information.
163,Public Notice - Consumer Rights Data should be retained only as long as necessary for business purposes and in compliance with legal requirements.
164,"Court Opinion - Intellectual Property Case The First Amendment protects the freedom of speech, allowing individuals to express ideas without government restraint."
165,Court Opinion - Intellectual Property Case The Receiving Party agrees not to disclose any Confidential Information obtained during the course of the business relationship.
166,Privacy Policy - Online Service The court held that the unauthorized use of patented technology constituted a violation of intellectual property rights.
167,Court Ruling - Data Privacy Violation The court held that the unauthorized use of patented technology constituted a violation of intellectual property rights.
168,Supreme Court Opinion - Freedom of Speech The court held that the unauthorized use of patented technology constituted a violation of intellectual property rights.
169,Privacy Policy - Online Service The Employee agrees to maintain confidentiality regarding proprietary information disclosed during their employment.
170,Court Opinion - Intellectual Property Case The Employee agrees to maintain confidentiality regarding proprietary information disclosed during their employment.
171,Terms of Service - E-commerce Platform The Receiving Party agrees not to disclose any Confidential Information obtained during the course of the business relationship.
172,"Supreme Court Opinion - Freedom of Speech The First Amendment protects the freedom of speech, allowing individuals to express ideas without government restraint."
173,Court Ruling - Data Privacy Violation Consumers are entitled to clear and concise information about their rights and responsibilities regarding digital services.
174,Court Opinion - Intellectual Property Case The ruling emphasized the need for organizations to implement robust data protection measures to safeguard user information.
175,"Legal Policy - Data Retention We collect data such as your name, email, and browsing history to improve our services and provide personalized experiences."
176,Legal Agreement - Employment Contract Consumers are entitled to clear and concise information about their rights and responsibilities regarding digital services.
177,Public Notice - Consumer Rights The court found that the breach of contract resulted from non-compliance with the agreed payment terms.
178,"Legal Agreement - Employment Contract We collect data such as your name, email, and browsing history to improve our services and provide personalized experiences."
179,Court Ruling - Data Privacy Violation Data should be retained only as long as necessary for business purposes and in compliance with legal requirements.
180,Public Notice - Consumer Rights The Employee agrees to maintain confidentiality regarding proprietary information disclosed during their employment.
181,Supreme Court Opinion - Freedom of Speech Data should be retained only as long as necessary for business purposes and in compliance with legal requirements.
182,Legal Agreement - Employment Contract The Receiving Party agrees not to disclose any Confidential Information obtained during the course of the business relationship.
183,Court Ruling - Data Privacy Violation Data should be retained only as long as necessary for business purposes and in compliance with legal requirements.
184,Contract - Non-Disclosure Agreement (NDA) The Receiving Party agrees not to disclose any Confidential Information obtained during the course of the business relationship.
185,Terms of Service - E-commerce Platform The ruling emphasized the need for organizations to implement robust data protection measures to safeguard user information.
186,"Legal Agreement - Employment Contract By using this service, you agree to comply with our terms, including restrictions on data scraping and content redistribution."
187,"Legal Policy - Data Retention The First Amendment protects the freedom of speech, allowing individuals to express ideas without government restraint."
188,Privacy Policy - Online Service The Employee agrees to maintain confidentiality regarding proprietary information disclosed during their employment.
189,"Supreme Court Opinion - Freedom of Speech We collect data such as your name, email, and browsing history to improve our services and provide personalized experiences."
190,"Court Opinion - Intellectual Property Case We collect data such as your name, email, and browsing history to improve our services and provide personalized experiences."
191,Public Notice - Consumer Rights The ruling emphasized the need for organizations to implement robust data protection measures to safeguard user information.
192,Terms of Service - E-commerce Platform Data should be retained only as long as necessary for business purposes and in compliance with legal requirements.
193,Public Notice - Consumer Rights The Employee agrees to maintain confidentiality regarding proprietary information disclosed during their employment.
194,"Supreme Court Opinion - Freedom of Speech The First Amendment protects the freedom of speech, allowing individuals to express ideas without government restraint."
195,Legal Policy - Data Retention The Employee agrees to maintain confidentiality regarding proprietary information disclosed during their employment.
196,Legal Agreement - Employment Contract Consumers are entitled to clear and concise information about their rights and responsibilities regarding digital services.
197,Legal Policy - Data Retention Data should be retained only as long as necessary for business purposes and in compliance with legal requirements.
198,Terms of Service - E-commerce Platform The Receiving Party agrees not to disclose any Confidential Information obtained during the course of the business relationship.
199,Legal Agreement - Employment Contract The Receiving Party agrees not to disclose any Confidential Information obtained during the course of the business relationship.
200,Legal Agreement - Employment Contract The Receiving Party agrees not to disclose any Confidential Information obtained during the course of the business relationship.
201,"Case Law - Contract Dispute We collect data such as your name, email, and browsing history to improve our services and provide personalized experiences."
202,Court Ruling - Data Privacy Violation The Receiving Party agrees not to disclose any Confidential Information obtained during the course of the business relationship.
203,Court Opinion - Intellectual Property Case The Employee agrees to maintain confidentiality regarding proprietary information disclosed during their employment.
204,"Public Notice - Consumer Rights By using this service, you agree to comply with our terms, including restrictions on data scraping and content redistribution."
205,Privacy Policy - Online Service The court held that the unauthorized use of patented technology constituted a violation of intellectual property rights.
206,Public Notice - Consumer Rights The court found that the breach of contract resulted from non-compliance with the agreed payment terms.
207,Court Ruling - Data Privacy Violation The Employee agrees to maintain confidentiality regarding proprietary information disclosed during their employment.
208,"Contract - Non-Disclosure Agreement (NDA) We collect data such as your name, email, and browsing history to improve our services and provide personalized experiences."
209,"Privacy Policy - Online Service We collect data such as your name, email, and browsing history to improve our services and provide personalized experiences."
210,Terms of Service - E-commerce Platform Data should be retained only as long as necessary for business purposes and in compliance with legal requirements.
211,Court Opinion - Intellectual Property Case The Receiving Party agrees not to disclose any Confidential Information obtained during the course of the business relationship.
212,Court Ruling - Data Privacy Violation The court held that the unauthorized use of patented technology constituted a violation of intellectual property rights.
213,Contract - Non-Disclosure Agreement (NDA) Consumers are entitled to clear and concise information about their rights and responsibilities regarding digital services.
214,Court Opinion - Intellectual Property Case The court found that the breach of contract resulted from non-compliance with the agreed payment terms.
215,"Legal Agreement - Employment Contract We collect data such as your name, email, and browsing history to improve our services and provide personalized experiences."
216,Court Opinion - Intellectual Property Case Data should be retained only as long as necessary for business purposes and in compliance with legal requirements.
217,Legal Policy - Data Retention The Employee agrees to maintain confidentiality regarding proprietary information disclosed during their employment.
218,Legal Policy - Data Retention Data should be retained only as long as necessary for business purposes and in compliance with legal requirements.
219,Court Ruling - Data Privacy Violation The court found that the breach of contract resulted from non-compliance with the agreed payment terms.
220,Contract - Non-Disclosure Agreement (NDA) Consumers are entitled to clear and concise information about their rights and responsibilities regarding digital services.
221,"Court Opinion - Intellectual Property Case We collect data such as your name, email, and browsing history to improve our services and provide personalized experiences."
222,Contract - Non-Disclosure Agreement (NDA) Consumers are entitled to clear and concise information about their rights and responsibilities regarding digital services.
223,"Case Law - Contract Dispute We collect data such as your name, email, and browsing history to improve our services and provide personalized experiences."
224,Court Ruling - Data Privacy Violation Consumers are entitled to clear and concise information about their rights and responsibilities regarding digital services.
225,"Legal Policy - Data Retention We collect data such as your name, email, and browsing history to improve our services and provide personalized experiences."
226,"Terms of Service - E-commerce Platform We collect data such as your name, email, and browsing history to improve our services and provide personalized experiences."
227,"Legal Policy - Data Retention The First Amendment protects the freedom of speech, allowing individuals to express ideas without government restraint."
228,Case Law - Contract Dispute The Receiving Party agrees not to disclose any Confidential Information obtained during the course of the business relationship.
229,"Terms of Service - E-commerce Platform By using this service, you agree to comply with our terms, including restrictions on data scraping and content redistribution."
230,Privacy Policy - Online Service Consumers are entitled to clear and concise information about their rights and responsibilities regarding digital services.
231,Public Notice - Consumer Rights Consumers are entitled to clear and concise information about their rights and responsibilities regarding digital services.
232,"Public Notice - Consumer Rights The First Amendment protects the freedom of speech, allowing individuals to express ideas without government restraint."
233,Legal Policy - Data Retention The ruling emphasized the need for organizations to implement robust data protection measures to safeguard user information.
234,Court Opinion - Intellectual Property Case The Employee agrees to maintain confidentiality regarding proprietary information disclosed during their employment.
235,Case Law - Contract Dispute The Employee agrees to maintain confidentiality regarding proprietary information disclosed during their employment.
236,Court Opinion - Intellectual Property Case The Receiving Party agrees not to disclose any Confidential Information obtained during the course of the business relationship.
237,"Court Ruling - Data Privacy Violation By using this service, you agree to comply with our terms, including restrictions on data scraping and content redistribution."
238,Privacy Policy - Online Service The court found that the breach of contract resulted from non-compliance with the agreed payment terms.
239,"Court Ruling - Data Privacy Violation We collect data such as your name, email, and browsing history to improve our services and provide personalized experiences."
240,Case Law - Contract Dispute The Employee agrees to maintain confidentiality regarding proprietary information disclosed during their employment.
241,Contract - Non-Disclosure Agreement (NDA) The Employee agrees to maintain confidentiality regarding proprietary information disclosed during their employment.
242,Contract - Non-Disclosure Agreement (NDA) The court held that the unauthorized use of patented technology constituted a violation of intellectual property rights.
243,"Supreme Court Opinion - Freedom of Speech By using this service, you agree to comply with our terms, including restrictions on data scraping and content redistribution."
244,Legal Policy - Data Retention Data should be retained only as long as necessary for business purposes and in compliance with legal requirements.
245,Court Opinion - Intellectual Property Case The ruling emphasized the need for organizations to implement robust data protection measures to safeguard user information.
246,Legal Policy - Data Retention The court held that the unauthorized use of patented technology constituted a violation of intellectual property rights.
247,Public Notice - Consumer Rights Data should be retained only as long as necessary for business purposes and in compliance with legal requirements.
248,"Supreme Court Opinion - Freedom of Speech By using this service, you agree to comply with our terms, including restrictions on data scraping and content redistribution."
249,"Court Opinion - Intellectual Property Case By using this service, you agree to comply with our terms, including restrictions on data scraping and content redistribution."
250,Court Ruling - Data Privacy Violation The Receiving Party agrees not to disclose any Confidential Information obtained during the course of the business relationship.
251,"Privacy Policy - Online Service By using this service, you agree to comply with our terms, including restrictions on data scraping and content redistribution."
252,Contract - Non-Disclosure Agreement (NDA) The court held that the unauthorized use of patented technology constituted a violation of intellectual property rights.
253,"Case Law - Contract Dispute We collect data such as your name, email, and browsing history to improve our services and provide personalized experiences."
254,Terms of Service - E-commerce Platform The Employee agrees to maintain confidentiality regarding proprietary information disclosed during their employment.
255,Legal Agreement - Employment Contract The court held that the unauthorized use of patented technology constituted a violation of intellectual property rights.
256,Privacy Policy - Online Service Consumers are entitled to clear and concise information about their rights and responsibilities regarding digital services.
257,Court Ruling - Data Privacy Violation The court found that the breach of contract resulted from non-compliance with the agreed payment terms.
258,"Legal Agreement - Employment Contract We collect data such as your name, email, and browsing history to improve our services and provide personalized experiences."
259,"Legal Agreement - Employment Contract The First Amendment protects the freedom of speech, allowing individuals to express ideas without government restraint."
260,Legal Agreement - Employment Contract The court held that the unauthorized use of patented technology constituted a violation of intellectual property rights.
261,"Legal Policy - Data Retention We collect data such as your name, email, and browsing history to improve our services and provide personalized experiences."
262,Legal Policy - Data Retention The court held that the unauthorized use of patented technology constituted a violation of intellectual property rights.
263,"Privacy Policy - Online Service By using this service, you agree to comply with our terms, including restrictions on data scraping and content redistribution."
264,"Privacy Policy - Online Service We collect data such as your name, email, and browsing history to improve our services and provide personalized experiences."
265,Terms of Service - E-commerce Platform Data should be retained only as long as necessary for business purposes and in compliance with legal requirements.
266,Terms of Service - E-commerce Platform Consumers are entitled to clear and concise information about their rights and responsibilities regarding digital services.
267,"Court Opinion - Intellectual Property Case We collect data such as your name, email, and browsing history to improve our services and provide personalized experiences."
268,Court Ruling - Data Privacy Violation The Employee agrees to maintain confidentiality regarding proprietary information disclosed during their employment.
269,Case Law - Contract Dispute The court held that the unauthorized use of patented technology constituted a violation of intellectual property rights.
270,Public Notice - Consumer Rights Consumers are entitled to clear and concise information about their rights and responsibilities regarding digital services.
271,Terms of Service - E-commerce Platform The ruling emphasized the need for organizations to implement robust data protection measures to safeguard user information.
272,Court Ruling - Data Privacy Violation The Receiving Party agrees not to disclose any Confidential Information obtained during the course of the business relationship.
273,Court Opinion - Intellectual Property Case Data should be retained only as long as necessary for business purposes and in compliance with legal requirements.
274,Supreme Court Opinion - Freedom of Speech The Employee agrees to maintain confidentiality regarding proprietary information disclosed during their employment.
275,Legal Policy - Data Retention The Receiving Party agrees not to disclose any Confidential Information obtained during the course of the business relationship.
276,"Supreme Court Opinion - Freedom of Speech We collect data such as your name, email, and browsing history to improve our services and provide personalized experiences."
277,"Legal Agreement - Employment Contract The First Amendment protects the freedom of speech, allowing individuals to express ideas without government restraint."
278,Case Law - Contract Dispute The court found that the breach of contract resulted from non-compliance with the agreed payment terms.
279,"Court Ruling - Data Privacy Violation By using this service, you agree to comply with our terms, including restrictions on data scraping and content redistribution."
280,Terms of Service - E-commerce Platform The court held that the unauthorized use of patented technology constituted a violation of intellectual property rights.
281,Court Ruling - Data Privacy Violation The court found that the breach of contract resulted from non-compliance with the agreed payment terms.
282,Contract - Non-Disclosure Agreement (NDA) The court found that the breach of contract resulted from non-compliance with the agreed payment terms.
283,"Legal Policy - Data Retention We collect data such as your name, email, and browsing history to improve our services and provide personalized experiences."
284,"Contract - Non-Disclosure Agreement (NDA) The First Amendment protects the freedom of speech, allowing individuals to express ideas without government restraint."
285,"Court Ruling - Data Privacy Violation The First Amendment protects the freedom of speech, allowing individuals to express ideas without government restraint."
286,Privacy Policy - Online Service The court held that the unauthorized use of patented technology constituted a violation of intellectual property rights.
287,"Contract - Non-Disclosure Agreement (NDA) The First Amendment protects the freedom of speech, allowing individuals to express ideas without government restraint."
288,Court Ruling - Data Privacy Violation The Receiving Party agrees not to disclose any Confidential Information obtained during the course of the business relationship.
289,Privacy Policy - Online Service Data should be retained only as long as necessary for business purposes and in compliance with legal requirements.
290,"Legal Agreement - Employment Contract The First Amendment protects the freedom of speech, allowing individuals to express ideas without government restraint."
291,Supreme Court Opinion - Freedom of Speech The ruling emphasized the need for organizations to implement robust data protection measures to safeguard user information.
292,Court Opinion - Intellectual Property Case The Employee agrees to maintain confidentiality regarding proprietary information disclosed during their employment.
293,"Court Ruling - Data Privacy Violation We collect data such as your name, email, and browsing history to improve our services and provide personalized experiences."
294,Privacy Policy - Online Service The court found that the breach of contract resulted from non-compliance with the agreed payment terms.
295,Court Opinion - Intellectual Property Case The court held that the unauthorized use of patented technology constituted a violation of intellectual property rights.
296,"Privacy Policy - Online Service We collect data such as your name, email, and browsing history to improve our services and provide personalized experiences."
297,"Privacy Policy - Online Service We collect data such as your name, email, and browsing history to improve our services and provide personalized experiences."
298,"Supreme Court Opinion - Freedom of Speech We collect data such as your name, email, and browsing history to improve our services and provide personalized experiences."
299,"Public Notice - Consumer Rights We collect data such as your name, email, and browsing history to improve our services and provide personalized experiences."
300,Court Opinion - Intellectual Property Case Consumers are entitled to clear and concise information about their rights and responsibilities regarding digital services.
301,Supreme Court Opinion - Freedom of Speech Consumers are entitled to clear and concise information about their rights and responsibilities regarding digital services.
302,"Case Law - Contract Dispute By using this service, you agree to comply with our terms, including restrictions on data scraping and content redistribution."
303,Legal Policy - Data Retention The ruling emphasized the need for organizations to implement robust data protection measures to safeguard user information.
304,"Legal Agreement - Employment Contract We collect data such as your name, email, and browsing history to improve our services and provide personalized experiences."
305,"Court Ruling - Data Privacy Violation The First Amendment protects the freedom of speech, allowing individuals to express ideas without government restraint."
306,Terms of Service - E-commerce Platform The court held that the unauthorized use of patented technology constituted a violation of intellectual property rights.
307,"Court Opinion - Intellectual Property Case By using this service, you agree to comply with our terms, including restrictions on data scraping and content redistribution."
308,"Supreme Court Opinion - Freedom of Speech The First Amendment protects the freedom of speech, allowing individuals to express ideas without government restraint."
309,Legal Agreement - Employment Contract The Receiving Party agrees not to disclose any Confidential Information obtained during the course of the business relationship.
310,Court Opinion - Intellectual Property Case The court found that the breach of contract resulted from non-compliance with the agreed payment terms.
311,Public Notice - Consumer Rights The court held that the unauthorized use of patented technology constituted a violation of intellectual property rights.
312,Terms of Service - E-commerce Platform Consumers are entitled to clear and concise information about their rights and responsibilities regarding digital services.
313,Supreme Court Opinion - Freedom of Speech Data should be retained only as long as necessary for business purposes and in compliance with legal requirements.
314,Case Law - Contract Dispute The Receiving Party agrees not to disclose any Confidential Information obtained during the course of the business relationship.
315,Legal Agreement - Employment Contract The ruling emphasized the need for organizations to implement robust data protection measures to safeguard user information.
316,Public Notice - Consumer Rights Consumers are entitled to clear and concise information about their rights and responsibilities regarding digital services.
317,Court Opinion - Intellectual Property Case The Employee agrees to maintain confidentiality regarding proprietary information disclosed during their employment.
318,"Legal Agreement - Employment Contract We collect data such as your name, email, and browsing history to improve our services and provide personalized experiences."
319,Contract - Non-Disclosure Agreement (NDA) The Employee agrees to maintain confidentiality regarding proprietary information disclosed during their employment.
320,Terms of Service - E-commerce Platform The Receiving Party agrees not to disclose any Confidential Information obtained during the course of the business relationship.
321,Legal Agreement - Employment Contract The court found that the breach of contract resulted from non-compliance with the agreed payment terms.
322,Court Opinion - Intellectual Property Case Data should be retained only as long as necessary for business purposes and in compliance with legal requirements.
323,Public Notice - Consumer Rights The Receiving Party agrees not to disclose any Confidential Information obtained during the course of the business relationship.
324,Public Notice - Consumer Rights The court held that the unauthorized use of patented technology constituted a violation of intellectual property rights.
325,Privacy Policy - Online Service The ruling emphasized the need for organizations to implement robust data protection measures to safeguard user information.
326,Public Notice - Consumer Rights The Receiving Party agrees not to disclose any Confidential Information obtained during the course of the business relationship.
327,Public Notice - Consumer Rights The court held that the unauthorized use of patented technology constituted a violation of intellectual property rights.
328,Legal Policy - Data Retention Data should be retained only as long as necessary for business purposes and in compliance with legal requirements.
329,Legal Policy - Data Retention The Receiving Party agrees not to disclose any Confidential Information obtained during the course of the business relationship.
330,Public Notice - Consumer Rights The court held that the unauthorized use of patented technology constituted a violation of intellectual property rights.
331,Case Law - Contract Dispute The ruling emphasized the need for organizations to implement robust data protection measures to safeguard user information.
332,Legal Agreement - Employment Contract The ruling emphasized the need for organizations to implement robust data protection measures to safeguard user information.
333,Case Law - Contract Dispute The ruling emphasized the need for organizations to implement robust data protection measures to safeguard user information.
334,Case Law - Contract Dispute The Receiving Party agrees not to disclose any Confidential Information obtained during the course of the business relationship.
335,Privacy Policy - Online Service The court found that the breach of contract resulted from non-compliance with the agreed payment terms.
336,"Contract - Non-Disclosure Agreement (NDA) The First Amendment protects the freedom of speech, allowing individuals to express ideas without government restraint."
337,"Court Opinion - Intellectual Property Case We collect data such as your name, email, and browsing history to improve our services and provide personalized experiences."
338,Court Opinion - Intellectual Property Case The Employee agrees to maintain confidentiality regarding proprietary information disclosed during their employment.
339,"Supreme Court Opinion - Freedom of Speech We collect data such as your name, email, and browsing history to improve our services and provide personalized experiences."
340,Case Law - Contract Dispute The court found that the breach of contract resulted from non-compliance with the agreed payment terms.
341,Legal Agreement - Employment Contract The Employee agrees to maintain confidentiality regarding proprietary information disclosed during their employment.
342,Court Ruling - Data Privacy Violation The Receiving Party agrees not to disclose any Confidential Information obtained during the course of the business relationship.
343,Court Opinion - Intellectual Property Case The Employee agrees to maintain confidentiality regarding proprietary information disclosed during their employment.
344,"Privacy Policy - Online Service The First Amendment protects the freedom of speech, allowing individuals to express ideas without government restraint."
345,Supreme Court Opinion - Freedom of Speech Consumers are entitled to clear and concise information about their rights and responsibilities regarding digital services.
346,Legal Policy - Data Retention Consumers are entitled to clear and concise information about their rights and responsibilities regarding digital services.
347,"Privacy Policy - Online Service We collect data such as your name, email, and browsing history to improve our services and provide personalized experiences."
348,Public Notice - Consumer Rights The court held that the unauthorized use of patented technology constituted a violation of intellectual property rights.
349,"Public Notice - Consumer Rights We collect data such as your name, email, and browsing history to improve our services and provide personalized experiences."
350,Legal Policy - Data Retention Data should be retained only as long as necessary for business purposes and in compliance with legal requirements.
351,"Legal Policy - Data Retention By using this service, you agree to comply with our terms, including restrictions on data scraping and content redistribution."
352,Supreme Court Opinion - Freedom of Speech Data should be retained only as long as necessary for business purposes and in compliance with legal requirements.
353,Privacy Policy - Online Service The Employee agrees to maintain confidentiality regarding proprietary information disclosed during their employment.
354,Court Ruling - Data Privacy Violation The court found that the breach of contract resulted from non-compliance with the agreed payment terms.
355,Supreme Court Opinion - Freedom of Speech The ruling emphasized the need for organizations to implement robust data protection measures to safeguard user information.
356,"Public Notice - Consumer Rights The First Amendment protects the freedom of speech, allowing individuals to express ideas without government restraint."
357,"Terms of Service - E-commerce Platform The First Amendment protects the freedom of speech, allowing individuals to express ideas without government restraint."
358,Court Ruling - Data Privacy Violation The ruling emphasized the need for organizations to implement robust data protection measures to safeguard user information.
359,Terms of Service - E-commerce Platform Consumers are entitled to clear and concise information about their rights and responsibilities regarding digital services.
360,Legal Agreement - Employment Contract The ruling emphasized the need for organizations to implement robust data protection measures to safeguard user information.
361,Court Ruling - Data Privacy Violation The ruling emphasized the need for organizations to implement robust data protection measures to safeguard user information.
362,Legal Agreement - Employment Contract The court held that the unauthorized use of patented technology constituted a violation of intellectual property rights.
363,Terms of Service - E-commerce Platform The Employee agrees to maintain confidentiality regarding proprietary information disclosed during their employment.
364,Public Notice - Consumer Rights The ruling emphasized the need for organizations to implement robust data protection measures to safeguard user information.
365,"Contract - Non-Disclosure Agreement (NDA) We collect data such as your name, email, and browsing history to improve our services and provide personalized experiences."
366,Terms of Service - E-commerce Platform The Receiving Party agrees not to disclose any Confidential Information obtained during the course of the business relationship.
367,"Public Notice - Consumer Rights We collect data such as your name, email, and browsing history to improve our services and provide personalized experiences."
368,"Supreme Court Opinion - Freedom of Speech We collect data such as your name, email, and browsing history to improve our services and provide personalized experiences."
369,Court Ruling - Data Privacy Violation Consumers are entitled to clear and concise information about their rights and responsibilities regarding digital services.
370,"Contract - Non-Disclosure Agreement (NDA) The First Amendment protects the freedom of speech, allowing individuals to express ideas without government restraint."
371,"Contract - Non-Disclosure Agreement (NDA) By using this service, you agree to comply with our terms, including restrictions on data scraping and content redistribution."
372,Public Notice - Consumer Rights The court found that the breach of contract resulted from non-compliance with the agreed payment terms.
373,"Legal Policy - Data Retention We collect data such as your name, email, and browsing history to improve our services and provide personalized experiences."
374,Contract - Non-Disclosure Agreement (NDA) The court held that the unauthorized use of patented technology constituted a violation of intellectual property rights.
375,Supreme Court Opinion - Freedom of Speech Consumers are entitled to clear and concise information about their rights and responsibilities regarding digital services.
376,Legal Policy - Data Retention Data should be retained only as long as necessary for business purposes and in compliance with legal requirements.
377,Contract - Non-Disclosure Agreement (NDA) The Receiving Party agrees not to disclose any Confidential Information obtained during the course of the business relationship.
378,Privacy Policy - Online Service Consumers are entitled to clear and concise information about their rights and responsibilities regarding digital services.
379,Privacy Policy - Online Service The ruling emphasized the need for organizations to implement robust data protection measures to safeguard user information.
380,Court Opinion - Intellectual Property Case Consumers are entitled to clear and concise information about their rights and responsibilities regarding digital services.
381,Case Law - Contract Dispute Data should be retained only as long as necessary for business purposes and in compliance with legal requirements.
382,Privacy Policy - Online Service Consumers are entitled to clear and concise information about their rights and responsibilities regarding digital services.
383,Privacy Policy - Online Service Data should be retained only as long as necessary for business purposes and in compliance with legal requirements.
384,Supreme Court Opinion - Freedom of Speech Data should be retained only as long as necessary for business purposes and in compliance with legal requirements.
385,"Terms of Service - E-commerce Platform The First Amendment protects the freedom of speech, allowing individuals to express ideas without government restraint."
386,Public Notice - Consumer Rights The Receiving Party agrees not to disclose any Confidential Information obtained during the course of the business relationship.
387,"Legal Agreement - Employment Contract The First Amendment protects the freedom of speech, allowing individuals to express ideas without government restraint."
388,Supreme Court Opinion - Freedom of Speech Data should be retained only as long as necessary for business purposes and in compliance with legal requirements.
389,Privacy Policy - Online Service The Receiving Party agrees not to disclose any Confidential Information obtained during the course of the business relationship.
390,Contract - Non-Disclosure Agreement (NDA) Consumers are entitled to clear and concise information about their rights and responsibilities regarding digital services.
391,Contract - Non-Disclosure Agreement (NDA) The court held that the unauthorized use of patented technology constituted a violation of intellectual property rights.
392,Court Opinion - Intellectual Property Case The Employee agrees to maintain confidentiality regarding proprietary information disclosed during their employment.
393,Case Law - Contract Dispute The Employee agrees to maintain confidentiality regarding proprietary information disclosed during their employment.
394,"Supreme Court Opinion - Freedom of Speech The First Amendment protects the freedom of speech, allowing individuals to express ideas without government restraint."
395,"Court Ruling - Data Privacy Violation The First Amendment protects the freedom of speech, allowing individuals to express ideas without government restraint."
396,Contract - Non-Disclosure Agreement (NDA) Consumers are entitled to clear and concise information about their rights and responsibilities regarding digital services.
397,Legal Policy - Data Retention The Employee agrees to maintain confidentiality regarding proprietary information disclosed during their employment.
398,Court Ruling - Data Privacy Violation The ruling emphasized the need for organizations to implement robust data protection measures to safeguard user information.
399,Public Notice - Consumer Rights Data should be retained only as long as necessary for business purposes and in compliance with legal requirements.
